{"pages":["custom.png"],"chars":[{"id":124,"index":98,"char":"|","width":8,"height":49,"xoffset":2,"yoffset":1,"xadvance":11,"chnl":15,"x":0,"y":0,"page":0},{"id":106,"index":80,"char":"j","width":16,"height":48,"xoffset":-6,"yoffset":3,"xadvance":11,"chnl":15,"x":0,"y":50,"page":0},{"id":1092,"index":487,"char":"ф","width":32,"height":47,"xoffset":0,"yoffset":4,"xadvance":32,"chnl":15,"x":9,"y":0,"page":0},{"id":87,"index":61,"char":"W","width":46,"height":36,"xoffset":-1,"yoffset":4,"xadvance":43,"chnl":15,"x":0,"y":99,"page":0},{"id":81,"index":55,"char":"Q","width":35,"height":45,"xoffset":0,"yoffset":4,"xadvance":34,"chnl":15,"x":17,"y":48,"page":0},{"id":1031,"index":427,"char":"Ї","width":17,"height":45,"xoffset":-2,"yoffset":-5,"xadvance":12,"chnl":15,"x":42,"y":0,"page":0},{"id":1046,"index":441,"char":"Ж","width":45,"height":36,"xoffset":-2,"yoffset":4,"xadvance":40,"chnl":15,"x":0,"y":136,"page":0},{"id":36,"index":10,"char":"$","width":22,"height":44,"xoffset":1,"yoffset":0,"xadvance":25,"chnl":15,"x":0,"y":173,"page":0},{"id":1049,"index":444,"char":"Й","width":30,"height":44,"xoffset":2,"yoffset":-4,"xadvance":34,"chnl":15,"x":0,"y":218,"page":0},{"id":1062,"index":457,"char":"Ц","width":33,"height":44,"xoffset":2,"yoffset":4,"xadvance":34,"chnl":15,"x":23,"y":173,"page":0},{"id":1065,"index":460,"char":"Щ","width":43,"height":44,"xoffset":2,"yoffset":4,"xadvance":45,"chnl":15,"x":47,"y":94,"page":0},{"id":1044,"index":439,"char":"Д","width":34,"height":44,"xoffset":-2,"yoffset":4,"xadvance":32,"chnl":15,"x":53,"y":46,"page":0},{"id":1070,"index":465,"char":"Ю","width":44,"height":37,"xoffset":2,"yoffset":4,"xadvance":46,"chnl":15,"x":60,"y":0,"page":0},{"id":91,"index":65,"char":"[","width":12,"height":43,"xoffset":2,"yoffset":4,"xadvance":14,"chnl":15,"x":88,"y":38,"page":0},{"id":93,"index":67,"char":"]","width":12,"height":43,"xoffset":-1,"yoffset":4,"xadvance":14,"chnl":15,"x":0,"y":263,"page":0},{"id":40,"index":14,"char":"(","width":14,"height":43,"xoffset":1,"yoffset":4,"xadvance":14,"chnl":15,"x":0,"y":307,"page":0},{"id":41,"index":15,"char":")","width":15,"height":43,"xoffset":-2,"yoffset":4,"xadvance":14,"chnl":15,"x":13,"y":263,"page":0},{"id":123,"index":97,"char":"{","width":15,"height":43,"xoffset":0,"yoffset":4,"xadvance":14,"chnl":15,"x":0,"y":351,"page":0},{"id":125,"index":99,"char":"}","width":15,"height":43,"xoffset":-1,"yoffset":4,"xadvance":14,"chnl":15,"x":15,"y":307,"page":0},{"id":1168,"index":513,"char":"Ґ","width":21,"height":42,"xoffset":2,"yoffset":-2,"xadvance":22,"chnl":15,"x":29,"y":263,"page":0},{"id":92,"index":66,"char":"\\","width":23,"height":41,"xoffset":-3,"yoffset":4,"xadvance":17,"chnl":15,"x":31,"y":218,"page":0},{"id":47,"index":21,"char":"/","width":23,"height":41,"xoffset":-3,"yoffset":4,"xadvance":18,"chnl":15,"x":0,"y":395,"page":0},{"id":64,"index":38,"char":"@","width":40,"height":40,"xoffset":2,"yoffset":4,"xadvance":43,"chnl":15,"x":16,"y":351,"page":0},{"id":1064,"index":459,"char":"Ш","width":39,"height":36,"xoffset":2,"yoffset":4,"xadvance":43,"chnl":15,"x":31,"y":306,"page":0},{"id":113,"index":87,"char":"q","width":25,"height":38,"xoffset":0,"yoffset":13,"xadvance":27,"chnl":15,"x":51,"y":260,"page":0},{"id":112,"index":86,"char":"p","width":25,"height":38,"xoffset":2,"yoffset":13,"xadvance":27,"chnl":15,"x":55,"y":218,"page":0},{"id":100,"index":74,"char":"d","width":25,"height":38,"xoffset":0,"yoffset":2,"xadvance":27,"chnl":15,"x":57,"y":139,"page":0},{"id":102,"index":76,"char":"f","width":18,"height":38,"xoffset":-1,"yoffset":2,"xadvance":15,"chnl":15,"x":57,"y":178,"page":0},{"id":103,"index":77,"char":"g","width":25,"height":38,"xoffset":0,"yoffset":13,"xadvance":27,"chnl":15,"x":76,"y":178,"page":0},{"id":104,"index":78,"char":"h","width":23,"height":38,"xoffset":2,"yoffset":2,"xadvance":26,"chnl":15,"x":83,"y":139,"page":0},{"id":107,"index":81,"char":"k","width":23,"height":38,"xoffset":2,"yoffset":2,"xadvance":23,"chnl":15,"x":91,"y":82,"page":0},{"id":108,"index":82,"char":"l","width":8,"height":38,"xoffset":2,"yoffset":2,"xadvance":11,"chnl":15,"x":101,"y":38,"page":0},{"id":98,"index":72,"char":"b","width":25,"height":38,"xoffset":2,"yoffset":2,"xadvance":27,"chnl":15,"x":110,"y":0,"page":0},{"id":37,"index":11,"char":"%","width":38,"height":37,"xoffset":0,"yoffset":4,"xadvance":37,"chnl":15,"x":110,"y":39,"page":0},{"id":1088,"index":483,"char":"р","width":25,"height":38,"xoffset":2,"yoffset":13,"xadvance":27,"chnl":15,"x":136,"y":0,"page":0},{"id":1078,"index":473,"char":"ж","width":38,"height":27,"xoffset":-2,"yoffset":13,"xadvance":34,"chnl":15,"x":0,"y":437,"page":0},{"id":1073,"index":468,"char":"б","width":26,"height":38,"xoffset":1,"yoffset":2,"xadvance":26,"chnl":15,"x":24,"y":392,"page":0},{"id":121,"index":95,"char":"y","width":26,"height":37,"xoffset":-2,"yoffset":13,"xadvance":22,"chnl":15,"x":0,"y":465,"page":0},{"id":105,"index":79,"char":"i","width":9,"height":37,"xoffset":1,"yoffset":3,"xadvance":11,"chnl":15,"x":0,"y":503,"page":0},{"id":109,"index":83,"char":"m","width":37,"height":27,"xoffset":2,"yoffset":13,"xadvance":39,"chnl":15,"x":0,"y":541,"page":0},{"id":79,"index":53,"char":"O","width":34,"height":37,"xoffset":0,"yoffset":4,"xadvance":34,"chnl":15,"x":10,"y":503,"page":0},{"id":83,"index":57,"char":"S","width":24,"height":37,"xoffset":1,"yoffset":4,"xadvance":24,"chnl":15,"x":27,"y":465,"page":0},{"id":71,"index":45,"char":"G","width":30,"height":37,"xoffset":0,"yoffset":4,"xadvance":31,"chnl":15,"x":51,"y":392,"page":0},{"id":67,"index":41,"char":"C","width":28,"height":37,"xoffset":0,"yoffset":4,"xadvance":28,"chnl":15,"x":57,"y":343,"page":0},{"id":77,"index":51,"char":"M","width":37,"height":36,"xoffset":2,"yoffset":4,"xadvance":41,"chnl":15,"x":71,"y":299,"page":0},{"id":51,"index":25,"char":"3","width":23,"height":37,"xoffset":1,"yoffset":4,"xadvance":25,"chnl":15,"x":77,"y":257,"page":0},{"id":54,"index":28,"char":"6","width":24,"height":37,"xoffset":0,"yoffset":4,"xadvance":25,"chnl":15,"x":81,"y":217,"page":0},{"id":56,"index":30,"char":"8","width":24,"height":37,"xoffset":0,"yoffset":4,"xadvance":25,"chnl":15,"x":102,"y":178,"page":0},{"id":57,"index":31,"char":"9","width":24,"height":37,"xoffset":0,"yoffset":4,"xadvance":25,"chnl":15,"x":101,"y":255,"page":0},{"id":48,"index":22,"char":"0","width":25,"height":37,"xoffset":0,"yoffset":4,"xadvance":25,"chnl":15,"x":106,"y":216,"page":0},{"id":38,"index":12,"char":"&","width":37,"height":37,"xoffset":1,"yoffset":4,"xadvance":37,"chnl":15,"x":107,"y":121,"page":0},{"id":63,"index":37,"char":"?","width":19,"height":37,"xoffset":1,"yoffset":4,"xadvance":20,"chnl":15,"x":115,"y":77,"page":0},{"id":1081,"index":476,"char":"й","width":23,"height":37,"xoffset":2,"yoffset":3,"xadvance":27,"chnl":15,"x":135,"y":77,"page":0},{"id":1091,"index":486,"char":"у","width":26,"height":37,"xoffset":-2,"yoffset":13,"xadvance":22,"chnl":15,"x":149,"y":39,"page":0},{"id":1097,"index":492,"char":"щ","width":37,"height":35,"xoffset":2,"yoffset":13,"xadvance":38,"chnl":15,"x":162,"y":0,"page":0},{"id":1110,"index":504,"char":"і","width":9,"height":37,"xoffset":1,"yoffset":3,"xadvance":11,"chnl":15,"x":127,"y":159,"page":0},{"id":1047,"index":442,"char":"З","width":24,"height":37,"xoffset":0,"yoffset":4,"xadvance":25,"chnl":15,"x":0,"y":569,"page":0},{"id":1060,"index":455,"char":"Ф","width":34,"height":37,"xoffset":0,"yoffset":3,"xadvance":34,"chnl":15,"x":0,"y":607,"page":0},{"id":1054,"index":449,"char":"О","width":34,"height":37,"xoffset":0,"yoffset":4,"xadvance":34,"chnl":15,"x":25,"y":569,"page":0},{"id":1028,"index":424,"char":"Є","width":28,"height":37,"xoffset":0,"yoffset":4,"xadvance":28,"chnl":15,"x":45,"y":503,"page":0},{"id":1057,"index":452,"char":"С","width":28,"height":37,"xoffset":0,"yoffset":4,"xadvance":28,"chnl":15,"x":52,"y":430,"page":0},{"id":1052,"index":447,"char":"М","width":37,"height":36,"xoffset":2,"yoffset":4,"xadvance":41,"chnl":15,"x":0,"y":645,"page":0},{"id":119,"index":93,"char":"w","width":36,"height":27,"xoffset":-1,"yoffset":13,"xadvance":33,"chnl":15,"x":38,"y":541,"page":0},{"id":69,"index":43,"char":"E","width":21,"height":36,"xoffset":2,"yoffset":4,"xadvance":23,"chnl":15,"x":35,"y":607,"page":0},{"id":82,"index":56,"char":"R","width":27,"height":36,"xoffset":2,"yoffset":4,"xadvance":27,"chnl":15,"x":74,"y":468,"page":0},{"id":84,"index":58,"char":"T","width":26,"height":36,"xoffset":-1,"yoffset":4,"xadvance":24,"chnl":15,"x":81,"y":430,"page":0},{"id":89,"index":63,"char":"Y","width":29,"height":36,"xoffset":-2,"yoffset":4,"xadvance":25,"chnl":15,"x":82,"y":381,"page":0},{"id":85,"index":59,"char":"U","width":28,"height":36,"xoffset":2,"yoffset":4,"xadvance":31,"chnl":15,"x":86,"y":336,"page":0},{"id":73,"index":47,"char":"I","width":14,"height":36,"xoffset":-1,"yoffset":4,"xadvance":12,"chnl":15,"x":109,"y":293,"page":0},{"id":80,"index":54,"char":"P","width":24,"height":36,"xoffset":2,"yoffset":4,"xadvance":26,"chnl":15,"x":0,"y":682,"page":0},{"id":65,"index":39,"char":"A","width":33,"height":36,"xoffset":-2,"yoffset":4,"xadvance":30,"chnl":15,"x":0,"y":719,"page":0},{"id":68,"index":42,"char":"D","width":30,"height":36,"xoffset":2,"yoffset":4,"xadvance":32,"chnl":15,"x":25,"y":682,"page":0},{"id":70,"index":44,"char":"F","width":20,"height":36,"xoffset":2,"yoffset":4,"xadvance":22,"chnl":15,"x":38,"y":644,"page":0},{"id":72,"index":46,"char":"H","width":28,"height":36,"xoffset":2,"yoffset":4,"xadvance":32,"chnl":15,"x":57,"y":607,"page":0},{"id":74,"index":48,"char":"J","width":16,"height":36,"xoffset":-2,"yoffset":4,"xadvance":17,"chnl":15,"x":60,"y":569,"page":0},{"id":75,"index":49,"char":"K","width":27,"height":36,"xoffset":2,"yoffset":4,"xadvance":27,"chnl":15,"x":75,"y":505,"page":0},{"id":76,"index":50,"char":"L","width":21,"height":36,"xoffset":2,"yoffset":4,"xadvance":22,"chnl":15,"x":102,"y":467,"page":0},{"id":90,"index":64,"char":"Z","width":28,"height":36,"xoffset":-1,"yoffset":4,"xadvance":26,"chnl":15,"x":108,"y":418,"page":0},{"id":88,"index":62,"char":"X","width":30,"height":36,"xoffset":-1,"yoffset":4,"xadvance":27,"chnl":15,"x":112,"y":373,"page":0},{"id":86,"index":60,"char":"V","width":32,"height":36,"xoffset":-2,"yoffset":4,"xadvance":28,"chnl":15,"x":115,"y":330,"page":0},{"id":66,"index":40,"char":"B","width":24,"height":36,"xoffset":2,"yoffset":4,"xadvance":26,"chnl":15,"x":124,"y":293,"page":0},{"id":78,"index":52,"char":"N","width":30,"height":36,"xoffset":2,"yoffset":4,"xadvance":34,"chnl":15,"x":126,"y":254,"page":0},{"id":49,"index":23,"char":"1","width":22,"height":36,"xoffset":2,"yoffset":4,"xadvance":25,"chnl":15,"x":132,"y":197,"page":0},{"id":50,"index":24,"char":"2","width":24,"height":36,"xoffset":0,"yoffset":4,"xadvance":25,"chnl":15,"x":137,"y":159,"page":0},{"id":52,"index":26,"char":"4","width":27,"height":36,"xoffset":-2,"yoffset":4,"xadvance":25,"chnl":15,"x":145,"y":115,"page":0},{"id":53,"index":27,"char":"5","width":22,"height":36,"xoffset":2,"yoffset":4,"xadvance":25,"chnl":15,"x":159,"y":77,"page":0},{"id":55,"index":29,"char":"7","width":25,"height":36,"xoffset":0,"yoffset":4,"xadvance":25,"chnl":15,"x":176,"y":36,"page":0},{"id":33,"index":7,"char":"!","width":9,"height":36,"xoffset":2,"yoffset":4,"xadvance":13,"chnl":15,"x":155,"y":196,"page":0},{"id":1102,"index":497,"char":"ю","width":36,"height":28,"xoffset":2,"yoffset":13,"xadvance":37,"chnl":15,"x":200,"y":0,"page":0},{"id":1059,"index":454,"char":"У","width":29,"height":36,"xoffset":-1,"yoffset":4,"xadvance":26,"chnl":15,"x":162,"y":152,"page":0},{"id":1050,"index":445,"char":"К","width":27,"height":36,"xoffset":2,"yoffset":4,"xadvance":27,"chnl":15,"x":173,"y":114,"page":0},{"id":1045,"index":440,"char":"Е","width":21,"height":36,"xoffset":2,"yoffset":4,"xadvance":23,"chnl":15,"x":182,"y":73,"page":0},{"id":1053,"index":448,"char":"Н","width":28,"height":36,"xoffset":2,"yoffset":4,"xadvance":32,"chnl":15,"x":202,"y":29,"page":0},{"id":1043,"index":438,"char":"Г","width":21,"height":36,"xoffset":2,"yoffset":4,"xadvance":22,"chnl":15,"x":77,"y":542,"page":0},{"id":1061,"index":456,"char":"Х","width":30,"height":36,"xoffset":-1,"yoffset":4,"xadvance":27,"chnl":15,"x":0,"y":756,"page":0},{"id":1030,"index":426,"char":"І","width":14,"height":36,"xoffset":-1,"yoffset":4,"xadvance":12,"chnl":15,"x":0,"y":793,"page":0},{"id":1042,"index":437,"char":"В","width":24,"height":36,"xoffset":2,"yoffset":4,"xadvance":26,"chnl":15,"x":0,"y":830,"page":0},{"id":1040,"index":435,"char":"А","width":33,"height":36,"xoffset":-2,"yoffset":4,"xadvance":30,"chnl":15,"x":15,"y":793,"page":0},{"id":1055,"index":450,"char":"П","width":28,"height":36,"xoffset":2,"yoffset":4,"xadvance":33,"chnl":15,"x":31,"y":756,"page":0},{"id":1056,"index":451,"char":"Р","width":24,"height":36,"xoffset":2,"yoffset":4,"xadvance":26,"chnl":15,"x":34,"y":719,"page":0},{"id":1051,"index":446,"char":"Л","width":30,"height":36,"xoffset":-2,"yoffset":4,"xadvance":31,"chnl":15,"x":56,"y":681,"page":0},{"id":1071,"index":466,"char":"Я","width":26,"height":36,"xoffset":-1,"yoffset":4,"xadvance":27,"chnl":15,"x":59,"y":644,"page":0},{"id":1063,"index":458,"char":"Ч","width":26,"height":36,"xoffset":2,"yoffset":4,"xadvance":30,"chnl":15,"x":59,"y":718,"page":0},{"id":1048,"index":443,"char":"И","width":30,"height":36,"xoffset":2,"yoffset":4,"xadvance":34,"chnl":15,"x":86,"y":579,"page":0},{"id":1058,"index":453,"char":"Т","width":26,"height":36,"xoffset":-1,"yoffset":4,"xadvance":24,"chnl":15,"x":99,"y":542,"page":0},{"id":1068,"index":463,"char":"Ь","width":24,"height":36,"xoffset":2,"yoffset":4,"xadvance":26,"chnl":15,"x":103,"y":504,"page":0},{"id":1041,"index":436,"char":"Б","width":24,"height":36,"xoffset":2,"yoffset":4,"xadvance":26,"chnl":15,"x":124,"y":455,"page":0},{"id":1094,"index":489,"char":"ц","width":27,"height":35,"xoffset":2,"yoffset":13,"xadvance":27,"chnl":15,"x":137,"y":410,"page":0},{"id":1111,"index":505,"char":"ї","width":17,"height":35,"xoffset":-3,"yoffset":5,"xadvance":11,"chnl":15,"x":143,"y":367,"page":0},{"id":1076,"index":471,"char":"д","width":27,"height":35,"xoffset":-2,"yoffset":13,"xadvance":25,"chnl":15,"x":148,"y":330,"page":0},{"id":116,"index":90,"char":"t","width":18,"height":34,"xoffset":-1,"yoffset":7,"xadvance":16,"chnl":15,"x":52,"y":468,"page":0},{"id":59,"index":33,"char":";","width":11,"height":33,"xoffset":-1,"yoffset":13,"xadvance":10,"chnl":15,"x":39,"y":431,"page":0},{"id":35,"index":9,"char":"#","width":29,"height":33,"xoffset":-1,"yoffset":4,"xadvance":27,"chnl":15,"x":149,"y":291,"page":0},{"id":1096,"index":491,"char":"ш","width":33,"height":27,"xoffset":2,"yoffset":13,"xadvance":37,"chnl":15,"x":161,"y":366,"page":0},{"id":1169,"index":514,"char":"ґ","width":17,"height":33,"xoffset":2,"yoffset":7,"xadvance":18,"chnl":15,"x":176,"y":325,"page":0},{"id":1084,"index":479,"char":"м","width":29,"height":27,"xoffset":2,"yoffset":13,"xadvance":32,"chnl":15,"x":157,"y":233,"page":0},{"id":101,"index":75,"char":"e","width":24,"height":28,"xoffset":0,"yoffset":13,"xadvance":24,"chnl":15,"x":157,"y":261,"page":0},{"id":111,"index":85,"char":"o","width":27,"height":28,"xoffset":0,"yoffset":13,"xadvance":27,"chnl":15,"x":179,"y":290,"page":0},{"id":97,"index":71,"char":"a","width":22,"height":28,"xoffset":0,"yoffset":13,"xadvance":23,"chnl":15,"x":182,"y":261,"page":0},{"id":115,"index":89,"char":"s","width":19,"height":28,"xoffset":0,"yoffset":13,"xadvance":19,"chnl":15,"x":165,"y":189,"page":0},{"id":99,"index":73,"char":"c","width":21,"height":28,"xoffset":0,"yoffset":13,"xadvance":21,"chnl":15,"x":185,"y":189,"page":0},{"id":58,"index":32,"char":":","width":9,"height":28,"xoffset":0,"yoffset":13,"xadvance":10,"chnl":15,"x":46,"y":139,"page":0},{"id":1077,"index":472,"char":"е","width":24,"height":28,"xoffset":0,"yoffset":13,"xadvance":24,"chnl":15,"x":192,"y":151,"page":0},{"id":1079,"index":474,"char":"з","width":21,"height":28,"xoffset":0,"yoffset":13,"xadvance":20,"chnl":15,"x":201,"y":110,"page":0},{"id":1072,"index":467,"char":"а","width":22,"height":28,"xoffset":0,"yoffset":13,"xadvance":23,"chnl":15,"x":187,"y":218,"page":0},{"id":1086,"index":481,"char":"о","width":27,"height":28,"xoffset":0,"yoffset":13,"xadvance":27,"chnl":15,"x":207,"y":180,"page":0},{"id":1108,"index":502,"char":"є","width":21,"height":28,"xoffset":0,"yoffset":13,"xadvance":21,"chnl":15,"x":217,"y":139,"page":0},{"id":1089,"index":484,"char":"с","width":21,"height":28,"xoffset":0,"yoffset":13,"xadvance":21,"chnl":15,"x":205,"y":247,"page":0},{"id":114,"index":88,"char":"r","width":16,"height":27,"xoffset":2,"yoffset":13,"xadvance":16,"chnl":15,"x":210,"y":209,"page":0},{"id":117,"index":91,"char":"u","width":23,"height":27,"xoffset":1,"yoffset":13,"xadvance":26,"chnl":15,"x":204,"y":66,"page":0},{"id":122,"index":96,"char":"z","width":23,"height":27,"xoffset":-1,"yoffset":13,"xadvance":21,"chnl":15,"x":223,"y":94,"page":0},{"id":120,"index":94,"char":"x","width":24,"height":27,"xoffset":-1,"yoffset":13,"xadvance":21,"chnl":15,"x":228,"y":66,"page":0},{"id":118,"index":92,"char":"v","width":26,"height":27,"xoffset":-2,"yoffset":13,"xadvance":22,"chnl":15,"x":231,"y":29,"page":0},{"id":110,"index":84,"char":"n","width":23,"height":27,"xoffset":2,"yoffset":13,"xadvance":26,"chnl":15,"x":237,"y":0,"page":0},{"id":1082,"index":477,"char":"к","width":23,"height":27,"xoffset":2,"yoffset":13,"xadvance":23,"chnl":15,"x":194,"y":319,"page":0},{"id":1085,"index":480,"char":"н","width":23,"height":27,"xoffset":2,"yoffset":13,"xadvance":26,"chnl":15,"x":207,"y":276,"page":0},{"id":1075,"index":470,"char":"г","width":17,"height":27,"xoffset":2,"yoffset":13,"xadvance":18,"chnl":15,"x":86,"y":616,"page":0},{"id":1093,"index":488,"char":"х","width":24,"height":27,"xoffset":-1,"yoffset":13,"xadvance":21,"chnl":15,"x":86,"y":644,"page":0},{"id":1074,"index":469,"char":"в","width":22,"height":27,"xoffset":2,"yoffset":13,"xadvance":24,"chnl":15,"x":104,"y":616,"page":0},{"id":1087,"index":482,"char":"п","width":23,"height":27,"xoffset":2,"yoffset":13,"xadvance":26,"chnl":15,"x":117,"y":579,"page":0},{"id":1083,"index":478,"char":"л","width":24,"height":27,"xoffset":-2,"yoffset":13,"xadvance":24,"chnl":15,"x":126,"y":541,"page":0},{"id":1103,"index":498,"char":"я","width":22,"height":27,"xoffset":-1,"yoffset":13,"xadvance":23,"chnl":15,"x":128,"y":492,"page":0},{"id":1095,"index":490,"char":"ч","width":23,"height":27,"xoffset":1,"yoffset":13,"xadvance":26,"chnl":15,"x":149,"y":446,"page":0},{"id":1080,"index":475,"char":"и","width":23,"height":27,"xoffset":2,"yoffset":13,"xadvance":27,"chnl":15,"x":165,"y":394,"page":0},{"id":1090,"index":485,"char":"т","width":21,"height":27,"xoffset":-1,"yoffset":13,"xadvance":19,"chnl":15,"x":227,"y":209,"page":0},{"id":1100,"index":495,"char":"ь","width":22,"height":27,"xoffset":2,"yoffset":13,"xadvance":23,"chnl":15,"x":227,"y":237,"page":0},{"id":126,"index":100,"char":"~","width":26,"height":11,"xoffset":3,"yoffset":19,"xadvance":31,"chnl":15,"x":217,"y":168,"page":0},{"id":60,"index":34,"char":"<","width":23,"height":26,"xoffset":4,"yoffset":12,"xadvance":31,"chnl":15,"x":235,"y":180,"page":0},{"id":62,"index":36,"char":">","width":23,"height":26,"xoffset":4,"yoffset":12,"xadvance":31,"chnl":15,"x":249,"y":207,"page":0},{"id":61,"index":35,"char":"=","width":25,"height":17,"xoffset":3,"yoffset":17,"xadvance":31,"chnl":15,"x":149,"y":474,"page":0},{"id":94,"index":68,"char":"^","width":25,"height":23,"xoffset":3,"yoffset":4,"xadvance":31,"chnl":15,"x":165,"y":422,"page":0},{"id":43,"index":17,"char":"+","width":25,"height":25,"xoffset":3,"yoffset":12,"xadvance":31,"chnl":15,"x":189,"y":394,"page":0},{"id":95,"index":69,"char":"_","width":23,"height":7,"xoffset":-2,"yoffset":40,"xadvance":19,"chnl":15,"x":60,"y":38,"page":0},{"id":42,"index":16,"char":"*","width":20,"height":20,"xoffset":0,"yoffset":4,"xadvance":19,"chnl":15,"x":128,"y":520,"page":0},{"id":45,"index":19,"char":"-","width":16,"height":7,"xoffset":1,"yoffset":22,"xadvance":18,"chnl":15,"x":31,"y":343,"page":0},{"id":44,"index":18,"char":",","width":10,"height":15,"xoffset":-1,"yoffset":31,"xadvance":10,"chnl":15,"x":204,"y":94,"page":0},{"id":39,"index":13,"char":"'","width":8,"height":14,"xoffset":1,"yoffset":4,"xadvance":11,"chnl":15,"x":77,"y":579,"page":0},{"id":34,"index":8,"char":"\"","width":14,"height":14,"xoffset":2,"yoffset":4,"xadvance":18,"chnl":15,"x":165,"y":218,"page":0},{"id":96,"index":70,"char":"`","width":13,"height":11,"xoffset":0,"yoffset":2,"xadvance":12,"chnl":15,"x":82,"y":418,"page":0},{"id":46,"index":20,"char":".","width":9,"height":9,"xoffset":0,"yoffset":31,"xadvance":10,"chnl":15,"x":126,"y":569,"page":0},{"id":32,"index":3,"char":" ","width":0,"height":0,"xoffset":-2,"yoffset":36,"xadvance":12,"chnl":15,"x":29,"y":306,"page":0}],"info":{"face":"custom","size":42,"bold":0,"italic":0,"charset":["q","w","e","r","t","y","u","i","o","p","a","s","d","f","g","h","j","k","l","z","x","c","v","b","n","m","Q","W","E","R","T","Y","U","I","O","P","A","S","D","F","G","H","J","K","L","Z","X","C","V","B","N","M","1","2","3","4","5","6","7","8","9","0","-","=","[","]","\\",";","'",",",".","/","`","~","!","@","#","$","%","^","&","*","(",")","_","+","{","}","|",":","\"","<",">","?"," ","й","ц","у","к","е","н","г","ш","щ","з","х","ї","ґ","ф","і","в","а","п","р","о","л","д","ж","є","я","ч","с","м","и","т","ь","б","ю","Й","Ц","У","К","Е","Н","Г","Ш","Щ","З","Х","Ї","Ґ","Ф","І","В","А","П","Р","О","Л","Д","Ж","Є","Я","Ч","С","М","И","Т","Ь","Б","Ю"],"unicode":1,"stretchH":100,"smooth":1,"aa":1,"padding":[2,2,2,2],"spacing":[0,0]},"common":{"lineHeight":45,"base":36,"scaleW":1024,"scaleH":1024,"pages":1,"packed":0,"alphaChnl":0,"redChnl":0,"greenChnl":0,"blueChnl":0},"distanceField":{"fieldType":"msdf","distanceRange":4},"kernings":[{"first":113,"second":106,"amount":2},{"first":119,"second":113,"amount":0},{"first":119,"second":101,"amount":0},{"first":119,"second":111,"amount":0},{"first":119,"second":100,"amount":0},{"first":119,"second":103,"amount":0},{"first":119,"second":99,"amount":0},{"first":119,"second":44,"amount":-2},{"first":119,"second":46,"amount":-2},{"first":101,"second":39,"amount":-2},{"first":101,"second":34,"amount":-2},{"first":114,"second":113,"amount":-1},{"first":114,"second":119,"amount":2},{"first":114,"second":101,"amount":-1},{"first":114,"second":116,"amount":1},{"first":114,"second":121,"amount":2},{"first":114,"second":111,"amount":-1},{"first":114,"second":115,"amount":0},{"first":114,"second":100,"amount":-1},{"first":114,"second":102,"amount":1},{"first":114,"second":103,"amount":-1},{"first":114,"second":122,"amount":1},{"first":114,"second":120,"amount":1},{"first":114,"second":99,"amount":-1},{"first":114,"second":118,"amount":2},{"first":114,"second":110,"amount":0},{"first":114,"second":109,"amount":0},{"first":114,"second":45,"amount":-3},{"first":114,"second":59,"amount":2},{"first":114,"second":44,"amount":-4},{"first":114,"second":46,"amount":-4},{"first":114,"second":58,"amount":2},{"first":116,"second":113,"amount":0},{"first":116,"second":101,"amount":0},{"first":116,"second":111,"amount":0},{"first":116,"second":100,"amount":-1},{"first":116,"second":103,"amount":0},{"first":116,"second":120,"amount":1},{"first":116,"second":99,"amount":-1},{"first":116,"second":45,"amount":-3},{"first":116,"second":63,"amount":-1},{"first":121,"second":113,"amount":0},{"first":121,"second":101,"amount":0},{"first":121,"second":116,"amount":0},{"first":121,"second":111,"amount":0},{"first":121,"second":100,"amount":0},{"first":121,"second":102,"amount":0},{"first":121,"second":103,"amount":0},{"first":121,"second":99,"amount":0},{"first":121,"second":39,"amount":1},{"first":121,"second":44,"amount":-2},{"first":121,"second":46,"amount":-3},{"first":121,"second":34,"amount":1},{"first":121,"second":63,"amount":-2},{"first":117,"second":39,"amount":-1},{"first":117,"second":34,"amount":-1},{"first":111,"second":97,"amount":-1},{"first":111,"second":102,"amount":-1},{"first":111,"second":120,"amount":-1},{"first":111,"second":39,"amount":-3},{"first":111,"second":34,"amount":-3},{"first":112,"second":97,"amount":-1},{"first":112,"second":102,"amount":-1},{"first":112,"second":120,"amount":-1},{"first":102,"second":119,"amount":1},{"first":102,"second":116,"amount":1},{"first":102,"second":121,"amount":1},{"first":102,"second":104,"amount":0},{"first":102,"second":120,"amount":0},{"first":102,"second":118,"amount":1},{"first":102,"second":98,"amount":0},{"first":102,"second":45,"amount":-2},{"first":102,"second":93,"amount":3},{"first":102,"second":59,"amount":2},{"first":102,"second":44,"amount":-3},{"first":102,"second":46,"amount":-3},{"first":102,"second":41,"amount":3},{"first":102,"second":125,"amount":2},{"first":102,"second":58,"amount":2},{"first":102,"second":63,"amount":1},{"first":103,"second":106,"amount":1},{"first":106,"second":106,"amount":1},{"first":107,"second":113,"amount":-1},{"first":107,"second":101,"amount":-1},{"first":107,"second":116,"amount":0},{"first":107,"second":111,"amount":-1},{"first":107,"second":100,"amount":-1},{"first":107,"second":103,"amount":-1},{"first":107,"second":99,"amount":-1},{"first":107,"second":45,"amount":-3},{"first":107,"second":59,"amount":2},{"first":107,"second":44,"amount":2},{"first":107,"second":46,"amount":2},{"first":107,"second":58,"amount":2},{"first":120,"second":113,"amount":0},{"first":120,"second":101,"amount":0},{"first":120,"second":111,"amount":0},{"first":120,"second":100,"amount":0},{"first":120,"second":103,"amount":0},{"first":120,"second":99,"amount":0},{"first":99,"second":84,"amount":-2},{"first":99,"second":89,"amount":-2},{"first":99,"second":74,"amount":2},{"first":118,"second":113,"amount":0},{"first":118,"second":101,"amount":0},{"first":118,"second":111,"amount":0},{"first":118,"second":97,"amount":-1},{"first":118,"second":100,"amount":0},{"first":118,"second":103,"amount":0},{"first":118,"second":99,"amount":0},{"first":118,"second":44,"amount":-3},{"first":118,"second":46,"amount":-3},{"first":98,"second":97,"amount":-1},{"first":98,"second":102,"amount":0},{"first":98,"second":120,"amount":-1},{"first":110,"second":39,"amount":-2},{"first":110,"second":34,"amount":-2},{"first":81,"second":84,"amount":-2},{"first":81,"second":89,"amount":0},{"first":81,"second":65,"amount":-1},{"first":81,"second":90,"amount":-1},{"first":81,"second":88,"amount":-1},{"first":81,"second":44,"amount":-2},{"first":81,"second":46,"amount":-3},{"first":87,"second":113,"amount":-1},{"first":87,"second":101,"amount":-1},{"first":87,"second":111,"amount":-1},{"first":87,"second":97,"amount":-2},{"first":87,"second":100,"amount":-1},{"first":87,"second":103,"amount":-1},{"first":87,"second":99,"amount":-1},{"first":87,"second":84,"amount":1},{"first":87,"second":65,"amount":-2},{"first":87,"second":44,"amount":-3},{"first":87,"second":46,"amount":-3},{"first":69,"second":87,"amount":1},{"first":69,"second":84,"amount":0},{"first":69,"second":65,"amount":0},{"first":69,"second":74,"amount":1},{"first":69,"second":88,"amount":0},{"first":82,"second":113,"amount":-1},{"first":82,"second":101,"amount":-1},{"first":82,"second":111,"amount":-1},{"first":82,"second":100,"amount":-1},{"first":82,"second":103,"amount":-1},{"first":82,"second":99,"amount":-1},{"first":82,"second":81,"amount":0},{"first":82,"second":84,"amount":-1},{"first":82,"second":89,"amount":-1},{"first":82,"second":79,"amount":0},{"first":82,"second":71,"amount":-1},{"first":82,"second":74,"amount":1},{"first":82,"second":67,"amount":-1},{"first":82,"second":59,"amount":2},{"first":84,"second":113,"amount":-5},{"first":84,"second":119,"amount":-3},{"first":84,"second":101,"amount":-5},{"first":84,"second":114,"amount":-4},{"first":84,"second":121,"amount":-3},{"first":84,"second":117,"amount":-4},{"first":84,"second":111,"amount":-5},{"first":84,"second":112,"amount":-4},{"first":84,"second":97,"amount":-5},{"first":84,"second":115,"amount":-3},{"first":84,"second":100,"amount":-5},{"first":84,"second":102,"amount":-2},{"first":84,"second":103,"amount":-5},{"first":84,"second":122,"amount":-3},{"first":84,"second":120,"amount":-4},{"first":84,"second":99,"amount":-5},{"first":84,"second":118,"amount":-2},{"first":84,"second":110,"amount":-4},{"first":84,"second":109,"amount":-4},{"first":84,"second":81,"amount":-2},{"first":84,"second":87,"amount":1},{"first":84,"second":84,"amount":1},{"first":84,"second":89,"amount":1},{"first":84,"second":79,"amount":-2},{"first":84,"second":65,"amount":-3},{"first":84,"second":71,"amount":-2},{"first":84,"second":74,"amount":-3},{"first":84,"second":88,"amount":0},{"first":84,"second":67,"amount":-2},{"first":84,"second":86,"amount":1},{"first":84,"second":59,"amount":-1},{"first":84,"second":44,"amount":-3},{"first":84,"second":46,"amount":-4},{"first":84,"second":58,"amount":-1},{"first":89,"second":113,"amount":-4},{"first":89,"second":101,"amount":-4},{"first":89,"second":114,"amount":-3},{"first":89,"second":117,"amount":-3},{"first":89,"second":111,"amount":-4},{"first":89,"second":112,"amount":-3},{"first":89,"second":97,"amount":-4},{"first":89,"second":115,"amount":-3},{"first":89,"second":100,"amount":-4},{"first":89,"second":102,"amount":-1},{"first":89,"second":103,"amount":-4},{"first":89,"second":99,"amount":-4},{"first":89,"second":110,"amount":-3},{"first":89,"second":109,"amount":-3},{"first":89,"second":81,"amount":-1},{"first":89,"second":84,"amount":1},{"first":89,"second":79,"amount":-1},{"first":89,"second":65,"amount":-4},{"first":89,"second":83,"amount":-1},{"first":89,"second":71,"amount":-1},{"first":89,"second":74,"amount":-1},{"first":89,"second":67,"amount":-1},{"first":89,"second":44,"amount":-4},{"first":89,"second":46,"amount":-4},{"first":85,"second":65,"amount":-1},{"first":79,"second":84,"amount":-2},{"first":79,"second":89,"amount":-1},{"first":79,"second":65,"amount":-1},{"first":79,"second":74,"amount":0},{"first":79,"second":90,"amount":-1},{"first":79,"second":88,"amount":-1},{"first":79,"second":44,"amount":-2},{"first":79,"second":46,"amount":-2},{"first":80,"second":113,"amount":-2},{"first":80,"second":101,"amount":-2},{"first":80,"second":111,"amount":-2},{"first":80,"second":97,"amount":-1},{"first":80,"second":100,"amount":-2},{"first":80,"second":103,"amount":-2},{"first":80,"second":99,"amount":-2},{"first":80,"second":87,"amount":1},{"first":80,"second":65,"amount":-4},{"first":80,"second":71,"amount":0},{"first":80,"second":74,"amount":-3},{"first":80,"second":88,"amount":-1},{"first":80,"second":44,"amount":-7},{"first":80,"second":46,"amount":-7},{"first":65,"second":119,"amount":-1},{"first":65,"second":116,"amount":-1},{"first":65,"second":121,"amount":-1},{"first":65,"second":118,"amount":-1},{"first":65,"second":87,"amount":-2},{"first":65,"second":84,"amount":-3},{"first":65,"second":89,"amount":-3},{"first":65,"second":85,"amount":-1},{"first":65,"second":79,"amount":-1},{"first":65,"second":71,"amount":-1},{"first":65,"second":74,"amount":2},{"first":65,"second":90,"amount":1},{"first":65,"second":67,"amount":-1},{"first":65,"second":86,"amount":-3},{"first":65,"second":59,"amount":1},{"first":65,"second":44,"amount":1},{"first":65,"second":42,"amount":-3},{"first":83,"second":119,"amount":-1},{"first":83,"second":116,"amount":-1},{"first":83,"second":121,"amount":-1},{"first":83,"second":118,"amount":-1},{"first":68,"second":84,"amount":-2},{"first":68,"second":65,"amount":-1},{"first":68,"second":90,"amount":-1},{"first":68,"second":88,"amount":-1},{"first":68,"second":44,"amount":-3},{"first":68,"second":46,"amount":-3},{"first":70,"second":97,"amount":-2},{"first":70,"second":102,"amount":0},{"first":70,"second":84,"amount":0},{"first":70,"second":65,"amount":-3},{"first":70,"second":83,"amount":-1},{"first":70,"second":74,"amount":-1},{"first":70,"second":44,"amount":-3},{"first":70,"second":46,"amount":-3},{"first":71,"second":121,"amount":-1},{"first":71,"second":84,"amount":-1},{"first":71,"second":86,"amount":-1},{"first":74,"second":97,"amount":-1},{"first":74,"second":65,"amount":-1},{"first":74,"second":74,"amount":-1},{"first":74,"second":44,"amount":-2},{"first":74,"second":46,"amount":-2},{"first":75,"second":113,"amount":-1},{"first":75,"second":119,"amount":-1},{"first":75,"second":101,"amount":-1},{"first":75,"second":116,"amount":-1},{"first":75,"second":121,"amount":-2},{"first":75,"second":111,"amount":-1},{"first":75,"second":100,"amount":-1},{"first":75,"second":103,"amount":-1},{"first":75,"second":99,"amount":-1},{"first":75,"second":118,"amount":-2},{"first":75,"second":81,"amount":-2},{"first":75,"second":79,"amount":-2},{"first":75,"second":71,"amount":-2},{"first":75,"second":74,"amount":2},{"first":75,"second":90,"amount":1},{"first":75,"second":88,"amount":1},{"first":75,"second":67,"amount":-2},{"first":75,"second":59,"amount":1},{"first":75,"second":44,"amount":1},{"first":76,"second":119,"amount":-1},{"first":76,"second":116,"amount":-1},{"first":76,"second":121,"amount":-2},{"first":76,"second":118,"amount":-2},{"first":76,"second":81,"amount":-2},{"first":76,"second":87,"amount":-1},{"first":76,"second":84,"amount":-3},{"first":76,"second":89,"amount":-3},{"first":76,"second":85,"amount":-1},{"first":76,"second":79,"amount":-2},{"first":76,"second":65,"amount":1},{"first":76,"second":71,"amount":-1},{"first":76,"second":74,"amount":2},{"first":76,"second":90,"amount":1},{"first":76,"second":67,"amount":-1},{"first":76,"second":86,"amount":-3},{"first":76,"second":42,"amount":-5},{"first":76,"second":63,"amount":-2},{"first":90,"second":121,"amount":-1},{"first":90,"second":84,"amount":1},{"first":90,"second":74,"amount":2},{"first":88,"second":81,"amount":-1},{"first":88,"second":84,"amount":1},{"first":88,"second":79,"amount":-1},{"first":88,"second":71,"amount":-1},{"first":88,"second":74,"amount":2},{"first":88,"second":67,"amount":-1},{"first":88,"second":59,"amount":2},{"first":88,"second":44,"amount":1},{"first":88,"second":46,"amount":1},{"first":67,"second":81,"amount":-1},{"first":67,"second":79,"amount":-1},{"first":67,"second":71,"amount":-1},{"first":67,"second":67,"amount":-1},{"first":67,"second":63,"amount":0},{"first":86,"second":113,"amount":-3},{"first":86,"second":101,"amount":-3},{"first":86,"second":114,"amount":-2},{"first":86,"second":117,"amount":-2},{"first":86,"second":111,"amount":-3},{"first":86,"second":112,"amount":-2},{"first":86,"second":97,"amount":-3},{"first":86,"second":115,"amount":-1},{"first":86,"second":100,"amount":-3},{"first":86,"second":103,"amount":-3},{"first":86,"second":99,"amount":-3},{"first":86,"second":110,"amount":-2},{"first":86,"second":109,"amount":-2},{"first":86,"second":81,"amount":-1},{"first":86,"second":84,"amount":1},{"first":86,"second":79,"amount":0},{"first":86,"second":65,"amount":-3},{"first":86,"second":83,"amount":-1},{"first":86,"second":71,"amount":-1},{"first":86,"second":74,"amount":-2},{"first":86,"second":67,"amount":-1},{"first":86,"second":44,"amount":-5},{"first":86,"second":46,"amount":-5},{"first":66,"second":84,"amount":-2},{"first":66,"second":89,"amount":-1},{"first":91,"second":106,"amount":5},{"first":39,"second":114,"amount":-1},{"first":39,"second":115,"amount":-1},{"first":42,"second":113,"amount":-2},{"first":42,"second":101,"amount":-2},{"first":42,"second":111,"amount":-2},{"first":42,"second":100,"amount":-2},{"first":42,"second":103,"amount":-2},{"first":42,"second":99,"amount":-2},{"first":42,"second":65,"amount":-4},{"first":42,"second":74,"amount":-3},{"first":40,"second":106,"amount":5},{"first":123,"second":106,"amount":4},{"first":34,"second":114,"amount":-1},{"first":34,"second":115,"amount":-1}]}